DateTime,temp1,temp2
2015-03-24 02:38:00,16.41,-8.9
2015-03-24 02:39:00,17.38,-8.9
2015-03-24 02:40:00,17.87,-8.9
2015-03-24 02:41:00,17.87,-8.9
2015-03-24 02:42:00,17.38,-8.9
2015-03-24 02:43:00,17.87,-8.9
2015-03-24 02:44:00,16.41,-8.9
2015-03-24 02:45:00,16.41,-8.9
2015-03-24 02:46:00,15.92,-8.9
2015-03-24 02:47:00,15.92,-8.9
2015-03-24 02:48:00,16.41,-8.9
2015-03-24 02:49:00,17.87,-8.9
2015-03-24 02:50:00,17.87,-8.9
2015-03-24 02:51:00,17.38,-8.9
2015-03-24 02:52:00,17.38,-8.9
2015-03-24 02:53:00,17.87,-8.9
2015-03-24 02:54:00,17.87,-8.9
2015-03-24 02:55:00,17.87,-8.9
2015-03-24 02:56:00,17.87,-8.9
2015-03-24 02:57:00,17.38,-8.9
2015-03-24 02:58:00,17.38,-8.9
2015-03-24 02:59:00,17.87,-8.9
2015-03-24 03:00:00,17.38,-8.9
2015-03-24 03:01:00,17.87,-8.933333333333334
2015-03-24 03:02:00,17.38,-8.966666666666667
2015-03-24 03:03:00,17.38,-9.0
2015-03-24 03:04:00,17.38,-9.033333333333333
2015-03-24 03:05:00,17.38,-9.066666666666666
2015-03-24 03:06:00,17.38,-9.1
2015-03-24 03:07:00,17.87,-9.133333333333333
2015-03-24 03:08:00,17.38,-9.166666666666668
2015-03-24 03:09:00,17.38,-9.200000000000001
2015-03-24 03:10:00,17.38,-9.233333333333334
2015-03-24 03:11:00,17.38,-9.266666666666667
2015-03-24 03:12:00,16.89,-9.3
2015-03-24 03:13:00,17.38,-9.333333333333334
2015-03-24 03:14:00,17.38,-9.366666666666667
2015-03-24 03:15:00,17.38,-9.4
2015-03-24 03:16:00,17.38,-9.433333333333334
2015-03-24 03:17:00,17.38,-9.466666666666667
2015-03-24 03:18:00,17.38,-9.5
2015-03-24 03:19:00,17.38,-9.533333333333333
2015-03-24 03:20:00,16.89,-9.566666666666666
2015-03-24 03:21:00,17.38,-9.6
2015-03-24 03:22:00,17.38,-9.633333333333333
2015-03-24 03:23:00,17.38,-9.666666666666668
2015-03-24 03:24:00,17.38,-9.700000000000001
2015-03-24 03:25:00,17.38,-9.733333333333334
2015-03-24 03:26:00,17.38,-9.766666666666667
2015-03-24 03:27:00,17.38,-9.8
2015-03-24 03:28:00,17.38,-9.833333333333334
2015-03-24 03:29:00,16.89,-9.866666666666667
2015-03-24 03:30:00,16.89,-9.9
2015-03-24 03:31:00,17.38,-9.933333333333334
2015-03-24 03:32:00,17.38,-9.966666666666667
2015-03-24 03:33:00,17.38,-10.0
2015-03-24 03:34:00,16.89,-10.033333333333333
2015-03-24 03:35:00,17.38,-10.066666666666666
2015-03-24 03:36:00,17.38,-10.1
2015-03-24 03:37:00,17.38,-10.133333333333333
2015-03-24 03:38:00,16.89,-10.166666666666668
2015-03-24 03:39:00,17.38,-10.200000000000001
2015-03-24 03:40:00,17.38,-10.233333333333334
2015-03-24 03:41:00,17.38,-10.266666666666667
2015-03-24 03:42:00,17.38,-10.3
2015-03-24 03:43:00,17.38,-10.333333333333334
2015-03-24 03:44:00,17.38,-10.366666666666667
2015-03-24 03:45:00,17.38,-10.4
2015-03-24 03:46:00,17.38,-10.433333333333334
2015-03-24 03:47:00,17.38,-10.466666666666667
2015-03-24 03:48:00,16.89,-10.5
2015-03-24 03:49:00,17.38,-10.533333333333333
2015-03-24 03:50:00,16.89,-10.566666666666666
2015-03-24 03:51:00,16.89,-10.6
2015-03-24 03:52:00,17.38,-10.633333333333333
2015-03-24 03:53:00,17.38,-10.666666666666668
2015-03-24 03:54:00,17.38,-10.700000000000001
2015-03-24 03:55:00,16.89,-10.733333333333334
2015-03-24 03:56:00,16.89,-10.766666666666667
2015-03-24 03:57:00,17.38,-10.8
2015-03-24 03:58:00,17.38,-10.833333333333334
2015-03-24 03:59:00,16.89,-10.866666666666667
2015-03-24 04:00:00,17.38,-10.9
2015-03-24 04:01:00,17.38,-10.9
2015-03-24 04:02:00,16.89,-10.9
2015-03-24 04:03:00,17.38,-10.9
2015-03-24 04:04:00,17.38,-10.9
2015-03-24 04:05:00,16.89,-10.9
2015-03-24 04:06:00,16.89,-10.9
2015-03-24 04:07:00,17.38,-10.9
2015-03-24 04:08:00,16.89,-10.9
2015-03-24 04:09:00,17.38,-10.9
2015-03-24 04:10:00,16.89,-10.9
2015-03-24 04:11:00,16.89,-10.9
2015-03-24 04:12:00,16.89,-10.9
2015-03-24 04:13:00,16.89,-10.9
2015-03-24 04:14:00,17.38,-10.9
2015-03-24 04:15:00,16.89,-10.9
2015-03-24 04:16:00,17.38,-10.9
2015-03-24 04:17:00,16.89,-10.9
2015-03-24 04:18:00,16.89,-10.9
2015-03-24 04:19:00,16.89,-10.9
2015-03-24 04:20:00,16.89,-10.9
2015-03-24 04:21:00,16.89,-10.9
2015-03-24 04:22:00,16.89,-10.9
2015-03-24 04:23:00,16.89,-10.9
2015-03-24 04:24:00,17.38,-10.9
2015-03-24 04:25:00,16.89,-10.9
2015-03-24 04:26:00,17.38,-10.9
2015-03-24 04:27:00,17.38,-10.9
2015-03-24 04:28:00,16.41,-10.9
2015-03-24 04:29:00,16.89,-10.9
2015-03-24 04:30:00,17.38,-10.9
2015-03-24 04:31:00,17.38,-10.9
2015-03-24 04:32:00,16.89,-10.9
2015-03-24 04:33:00,16.89,-10.9
2015-03-24 04:34:00,16.89,-10.9
2015-03-24 04:35:00,17.38,-10.9
2015-03-24 04:36:00,16.89,-10.9
2015-03-24 04:37:00,17.38,-10.9
2015-03-24 04:38:00,16.89,-10.9
2015-03-24 04:39:00,17.38,-10.9
2015-03-24 04:40:00,17.38,-10.9
2015-03-24 04:41:00,17.87,-10.9
2015-03-24 04:42:00,17.38,-10.9
2015-03-24 04:43:00,17.38,-10.9
2015-03-24 04:44:00,17.87,-10.9
2015-03-24 04:45:00,17.38,-10.9
2015-03-24 04:46:00,17.38,-10.9
2015-03-24 04:47:00,17.38,-10.9
2015-03-24 04:48:00,17.38,-10.9
2015-03-24 04:49:00,17.38,-10.9
2015-03-24 04:50:00,16.89,-10.9
2015-03-24 04:51:00,16.89,-10.9
2015-03-24 04:52:00,16.89,-10.9
2015-03-24 04:53:00,16.89,-10.9
2015-03-24 04:54:00,16.89,-10.9
2015-03-24 04:55:00,17.38,-10.9
2015-03-24 04:56:00,16.89,-10.9
2015-03-24 04:57:00,16.89,-10.9
2015-03-24 04:58:00,17.38,-10.9
2015-03-24 04:59:00,16.89,-10.9
2015-03-24 05:00:00,17.38,-10.9
2015-03-24 05:01:00,17.38,-10.938333333333334
2015-03-24 05:02:00,17.38,-10.976666666666667
2015-03-24 05:03:00,16.89,-11.015
2015-03-24 05:04:00,16.89,-11.053333333333333
2015-03-24 05:05:00,16.89,-11.091666666666667
2015-03-24 05:06:00,17.38,-11.13
2015-03-24 05:07:00,17.38,-11.168333333333333
2015-03-24 05:08:00,16.89,-11.206666666666667
2015-03-24 05:09:00,17.38,-11.245000000000001
2015-03-24 05:10:00,16.89,-11.283333333333333
2015-03-24 05:11:00,16.89,-11.321666666666667
2015-03-24 05:12:00,17.38,-11.36
2015-03-24 05:13:00,17.38,-11.398333333333333
2015-03-24 05:14:00,17.38,-11.436666666666667
2015-03-24 05:15:00,17.38,-11.475
2015-03-24 05:16:00,17.87,-11.513333333333334
2015-03-24 05:17:00,16.89,-11.551666666666666
2015-03-24 05:18:00,17.87,-11.59
2015-03-24 05:19:00,17.38,-11.628333333333334
2015-03-24 05:20:00,17.38,-11.666666666666666
2015-03-24 05:21:00,17.38,-11.705
2015-03-24 05:22:00,17.38,-11.743333333333334
2015-03-24 05:23:00,17.38,-11.781666666666666
2015-03-24 05:24:00,17.38,-11.82
2015-03-24 05:25:00,17.38,-11.858333333333333
2015-03-24 05:26:00,17.38,-11.896666666666667
2015-03-24 05:27:00,16.89,-11.935
2015-03-24 05:28:00,17.38,-11.973333333333333
2015-03-24 05:29:00,16.89,-12.011666666666667
2015-03-24 05:30:00,17.38,-12.05
2015-03-24 05:31:00,17.38,-12.088333333333333
2015-03-24 05:32:00,17.38,-12.126666666666667
2015-03-24 05:33:00,17.38,-12.165
2015-03-24 05:34:00,16.89,-12.203333333333333
2015-03-24 05:35:00,16.89,-12.241666666666667
2015-03-24 05:36:00,16.89,-12.28
2015-03-24 05:37:00,16.89,-12.318333333333333
2015-03-24 05:38:00,17.38,-12.356666666666666
2015-03-24 05:39:00,16.89,-12.395
2015-03-24 05:40:00,17.38,-12.433333333333334
2015-03-24 05:41:00,17.38,-12.471666666666666
2015-03-24 05:42:00,17.38,-12.51
2015-03-24 05:43:00,16.89,-12.548333333333332
2015-03-24 05:44:00,17.38,-12.586666666666666
2015-03-24 05:45:00,17.38,-12.625
2015-03-24 05:46:00,17.38,-12.663333333333332
2015-03-24 05:47:00,17.38,-12.701666666666666
2015-03-24 05:48:00,16.89,-12.74
2015-03-24 05:49:00,17.38,-12.778333333333332
2015-03-24 05:50:00,16.89,-12.816666666666666
2015-03-24 05:51:00,16.89,-12.855
2015-03-24 05:52:00,17.38,-12.893333333333333
2015-03-24 05:53:00,17.38,-12.931666666666667
2015-03-24 05:54:00,16.89,-12.969999999999999
2015-03-24 05:55:00,17.38,-13.008333333333333
2015-03-24 05:56:00,17.38,-13.046666666666667
2015-03-24 05:57:00,16.89,-13.084999999999999
2015-03-24 05:58:00,17.38,-13.123333333333333
2015-03-24 05:59:00,16.89,-13.161666666666665
2015-03-24 06:00:00,16.89,-13.2
2015-03-24 06:01:00,16.89,-13.203333333333333
2015-03-24 06:02:00,16.89,-13.206666666666665
2015-03-24 06:03:00,16.89,-13.209999999999999
2015-03-24 06:04:00,16.89,-13.213333333333333
2015-03-24 06:05:00,17.38,-13.216666666666667
2015-03-24 06:06:00,17.38,-13.219999999999999
2015-03-24 06:07:00,17.38,-13.223333333333333
2015-03-24 06:08:00,17.38,-13.226666666666667
2015-03-24 06:09:00,17.38,-13.229999999999999
2015-03-24 06:10:00,17.38,-13.233333333333333
2015-03-24 06:11:00,17.38,-13.236666666666666
2015-03-24 06:12:00,17.87,-13.24
2015-03-24 06:13:00,17.38,-13.243333333333332
2015-03-24 06:14:00,17.38,-13.246666666666666
2015-03-24 06:15:00,17.38,-13.25
2015-03-24 06:16:00,17.38,-13.253333333333332
2015-03-24 06:17:00,17.38,-13.256666666666666
2015-03-24 06:18:00,17.38,-13.26
2015-03-24 06:19:00,17.38,-13.263333333333334
2015-03-24 06:20:00,17.38,-13.266666666666666
2015-03-24 06:21:00,16.89,-13.27
2015-03-24 06:22:00,16.89,-13.273333333333333
2015-03-24 06:23:00,16.89,-13.276666666666666
2015-03-24 06:24:00,16.89,-13.28
2015-03-24 06:25:00,17.38,-13.283333333333333
2015-03-24 06:26:00,16.89,-13.286666666666667
2015-03-24 06:27:00,16.89,-13.29
2015-03-24 06:28:00,16.89,-13.293333333333333
2015-03-24 06:29:00,17.38,-13.296666666666667
2015-03-24 06:30:00,17.38,-13.3
2015-03-24 06:31:00,17.38,-13.303333333333333
2015-03-24 06:32:00,17.38,-13.306666666666667
2015-03-24 06:33:00,17.38,-13.31
2015-03-24 06:34:00,17.38,-13.313333333333333
2015-03-24 06:35:00,17.38,-13.316666666666666
2015-03-24 06:36:00,17.38,-13.32
2015-03-24 06:37:00,17.38,-13.323333333333334
2015-03-24 06:38:00,17.38,-13.326666666666666
2015-03-24 06:39:00,17.38,-13.33
2015-03-24 06:40:00,16.89,-13.333333333333334
2015-03-24 06:41:00,17.38,-13.336666666666666
2015-03-24 06:42:00,17.38,-13.34
2015-03-24 06:43:00,16.89,-13.343333333333334
2015-03-24 06:44:00,17.38,-13.346666666666668
2015-03-24 06:45:00,17.38,-13.35
2015-03-24 06:46:00,17.38,-13.353333333333333
2015-03-24 06:47:00,16.89,-13.356666666666667
2015-03-24 06:48:00,17.38,-13.36
2015-03-24 06:49:00,16.89,-13.363333333333333
2015-03-24 06:50:00,17.38,-13.366666666666667
2015-03-24 06:51:00,16.89,-13.370000000000001
2015-03-24 06:52:00,17.38,-13.373333333333333
2015-03-24 06:53:00,16.89,-13.376666666666667
2015-03-24 06:54:00,16.89,-13.38
2015-03-24 06:55:00,17.38,-13.383333333333333
2015-03-24 06:56:00,17.38,-13.386666666666667
2015-03-24 06:57:00,17.38,-13.39
2015-03-24 06:58:00,17.38,-13.393333333333334
2015-03-24 06:59:00,17.38,-13.396666666666667
2015-03-24 07:00:00,17.38,-13.4
2015-03-24 07:01:00,17.38,-13.388333333333334
2015-03-24 07:02:00,17.87,-13.376666666666667
2015-03-24 07:03:00,17.38,-13.365
2015-03-24 07:04:00,17.38,-13.353333333333333
2015-03-24 07:05:00,17.38,-13.341666666666667
2015-03-24 07:06:00,17.38,-13.33
2015-03-24 07:07:00,17.38,-13.318333333333333
2015-03-24 07:08:00,16.89,-13.306666666666667
2015-03-24 07:09:00,17.38,-13.295
2015-03-24 07:10:00,17.38,-13.283333333333333
2015-03-24 07:11:00,16.89,-13.271666666666667
2015-03-24 07:12:00,16.89,-13.26
2015-03-24 07:13:00,16.89,-13.248333333333333
2015-03-24 07:14:00,16.89,-13.236666666666666
2015-03-24 07:15:00,16.89,-13.225
2015-03-24 07:16:00,16.89,-13.213333333333333
2015-03-24 07:17:00,16.89,-13.201666666666666
2015-03-24 07:18:00,17.38,-13.19
2015-03-24 07:19:00,17.38,-13.178333333333333
2015-03-24 07:20:00,17.38,-13.166666666666666
2015-03-24 07:21:00,16.89,-13.155
2015-03-24 07:22:00,16.89,-13.143333333333333
2015-03-24 07:23:00,17.38,-13.131666666666666
2015-03-24 07:24:00,17.38,-13.12
2015-03-24 07:25:00,17.38,-13.108333333333333
2015-03-24 07:26:00,17.38,-13.096666666666666
2015-03-24 07:27:00,17.38,-13.084999999999999
2015-03-24 07:28:00,17.38,-13.073333333333332
2015-03-24 07:29:00,17.38,-13.061666666666666
2015-03-24 07:30:00,17.38,-13.05
2015-03-24 07:31:00,17.38,-13.038333333333334
2015-03-24 07:32:00,16.89,-13.026666666666667
2015-03-24 07:33:00,16.89,-13.015
2015-03-24 07:34:00,16.89,-13.003333333333334
2015-03-24 07:35:00,16.89,-12.991666666666667
2015-03-24 07:36:00,16.89,-12.98
2015-03-24 07:37:00,16.89,-12.968333333333334
2015-03-24 07:38:00,16.89,-12.956666666666667
2015-03-24 07:39:00,16.89,-12.945
2015-03-24 07:40:00,16.89,-12.933333333333334
2015-03-24 07:41:00,17.38,-12.921666666666667
2015-03-24 07:42:00,16.89,-12.91
2015-03-24 07:43:00,17.38,-12.898333333333333
2015-03-24 07:44:00,17.38,-12.886666666666667
2015-03-24 07:45:00,16.89,-12.875
2015-03-24 07:46:00,17.38,-12.863333333333333
2015-03-24 07:47:00,17.87,-12.851666666666667
2015-03-24 07:48:00,17.38,-12.84
2015-03-24 07:49:00,17.38,-12.828333333333333
2015-03-24 07:50:00,17.38,-12.816666666666666
2015-03-24 07:51:00,17.87,-12.805
2015-03-24 07:52:00,17.38,-12.793333333333333
2015-03-24 07:53:00,17.38,-12.781666666666666
2015-03-24 07:54:00,16.89,-12.77
2015-03-24 07:55:00,17.38,-12.758333333333333
2015-03-24 07:56:00,17.38,-12.746666666666666
2015-03-24 07:57:00,16.89,-12.735
2015-03-24 07:58:00,16.89,-12.723333333333333
2015-03-24 07:59:00,16.89,-12.711666666666666
2015-03-24 08:00:00,16.89,-12.7
2015-03-24 08:01:00,16.89,-12.694999999999999
2015-03-24 08:02:00,16.89,-12.69
2015-03-24 08:03:00,17.38,-12.684999999999999
2015-03-24 08:04:00,16.89,-12.68
2015-03-24 08:05:00,16.89,-12.674999999999999
2015-03-24 08:06:00,17.38,-12.67
2015-03-24 08:07:00,17.38,-12.665
2015-03-24 08:08:00,17.38,-12.66
2015-03-24 08:09:00,16.89,-12.655
2015-03-24 08:10:00,17.38,-12.649999999999999
2015-03-24 08:11:00,17.38,-12.645
2015-03-24 08:12:00,17.38,-12.639999999999999
2015-03-24 08:13:00,17.38,-12.635
2015-03-24 08:14:00,17.38,-12.629999999999999
2015-03-24 08:15:00,17.38,-12.625
2015-03-24 08:16:00,17.38,-12.62
2015-03-24 08:17:00,17.38,-12.615
2015-03-24 08:18:00,16.89,-12.61
2015-03-24 08:19:00,17.38,-12.605
2015-03-24 08:20:00,17.38,-12.6
2015-03-24 08:21:00,17.38,-12.594999999999999
2015-03-24 08:22:00,17.38,-12.59
2015-03-24 08:23:00,16.89,-12.584999999999999
2015-03-24 08:24:00,16.89,-12.58
2015-03-24 08:25:00,16.89,-12.575
2015-03-24 08:26:00,16.89,-12.57
2015-03-24 08:27:00,16.89,-12.565
2015-03-24 08:28:00,16.89,-12.56
2015-03-24 08:29:00,16.89,-12.555
2015-03-24 08:30:00,17.38,-12.55
2015-03-24 08:31:00,17.38,-12.545
2015-03-24 08:32:00,16.89,-12.54
2015-03-24 08:33:00,17.38,-12.535
2015-03-24 08:34:00,17.38,-12.53
2015-03-24 08:35:00,17.38,-12.525
2015-03-24 08:36:00,17.38,-12.52
2015-03-24 08:37:00,17.38,-12.515
2015-03-24 08:38:00,17.38,-12.51
2015-03-24 08:39:00,17.38,-12.505
2015-03-24 08:40:00,17.38,-12.5
2015-03-24 08:41:00,17.38,-12.495
2015-03-24 08:42:00,17.38,-12.49
2015-03-24 08:43:00,17.38,-12.485
2015-03-24 08:44:00,16.89,-12.48
2015-03-24 08:45:00,16.89,-12.475
2015-03-24 08:46:00,16.89,-12.47
2015-03-24 08:47:00,16.89,-12.465
2015-03-24 08:48:00,16.89,-12.46
2015-03-24 08:49:00,16.89,-12.455
2015-03-24 08:50:00,16.89,-12.450000000000001
2015-03-24 08:51:00,16.89,-12.445
2015-03-24 08:52:00,16.89,-12.44
2015-03-24 08:53:00,16.89,-12.435
2015-03-24 08:54:00,16.89,-12.43
2015-03-24 08:55:00,17.38,-12.425
2015-03-24 08:56:00,16.89,-12.42
2015-03-24 08:57:00,17.38,-12.415000000000001
2015-03-24 08:58:00,16.89,-12.41
2015-03-24 08:59:00,17.38,-12.405000000000001
2015-03-24 09:00:00,17.38,-12.4
2015-03-24 09:01:00,17.38,-12.405000000000001
2015-03-24 09:02:00,17.38,-12.41
2015-03-24 09:03:00,17.38,-12.415000000000001
2015-03-24 09:04:00,17.38,-12.42
2015-03-24 09:05:00,17.38,-12.425
2015-03-24 09:06:00,17.38,-12.43
2015-03-24 09:07:00,17.38,-12.435
2015-03-24 09:08:00,17.38,-12.44
2015-03-24 09:09:00,16.89,-12.445
2015-03-24 09:10:00,16.89,-12.45
2015-03-24 09:11:00,16.89,-12.455
2015-03-24 09:12:00,16.89,-12.46
2015-03-24 09:13:00,16.89,-12.465
2015-03-24 09:14:00,16.89,-12.47
2015-03-24 09:15:00,16.89,-12.475
2015-03-24 09:16:00,16.89,-12.48
2015-03-24 09:17:00,16.89,-12.485
2015-03-24 09:18:00,16.89,-12.49
2015-03-24 09:19:00,17.38,-12.495
2015-03-24 09:20:00,16.89,-12.5
2015-03-24 09:21:00,17.38,-12.505
2015-03-24 09:22:00,17.38,-12.51
2015-03-24 09:23:00,17.87,-12.515
2015-03-24 09:24:00,17.38,-12.52
2015-03-24 09:25:00,17.38,-12.525
2015-03-24 09:26:00,17.38,-12.53
2015-03-24 09:27:00,17.38,-12.535
2015-03-24 09:28:00,16.89,-12.54
2015-03-24 09:29:00,17.38,-12.545
2015-03-24 09:30:00,17.38,-12.55
2015-03-24 09:31:00,17.38,-12.555
2015-03-24 09:32:00,16.89,-12.56
2015-03-24 09:33:00,16.89,-12.565
2015-03-24 09:34:00,16.89,-12.57
2015-03-24 09:35:00,16.89,-12.575
2015-03-24 09:36:00,16.89,-12.58
2015-03-24 09:37:00,16.89,-12.584999999999999
2015-03-24 09:38:00,16.89,-12.59
2015-03-24 09:39:00,17.38,-12.594999999999999
2015-03-24 09:40:00,16.89,-12.6
2015-03-24 09:41:00,16.89,-12.605
2015-03-24 09:42:00,16.89,-12.61
2015-03-24 09:43:00,17.38,-12.615
2015-03-24 09:44:00,17.38,-12.62
2015-03-24 09:45:00,17.38,-12.625
2015-03-24 09:46:00,17.38,-12.629999999999999
2015-03-24 09:47:00,16.89,-12.635
2015-03-24 09:48:00,17.38,-12.639999999999999
2015-03-24 09:49:00,16.89,-12.645
2015-03-24 09:50:00,16.89,-12.649999999999999
2015-03-24 09:51:00,16.89,-12.655
2015-03-24 09:52:00,16.89,-12.66
2015-03-24 09:53:00,16.41,-12.665
2015-03-24 09:54:00,16.89,-12.67
2015-03-24 09:55:00,16.89,-12.674999999999999
2015-03-24 09:56:00,16.89,-12.68
2015-03-24 09:57:00,16.89,-12.684999999999999
2015-03-24 09:58:00,16.89,-12.69
2015-03-24 09:59:00,16.89,-12.694999999999999
2015-03-24 10:00:00,16.89,-12.7
2015-03-24 10:01:00,16.89,-12.678333333333333
2015-03-24 10:02:00,16.89,-12.656666666666666
2015-03-24 10:03:00,17.38,-12.635
2015-03-24 10:04:00,16.89,-12.613333333333333
2015-03-24 10:05:00,17.38,-12.591666666666667
2015-03-24 10:06:00,16.89,-12.57
2015-03-24 10:07:00,17.38,-12.548333333333332
2015-03-24 10:08:00,17.38,-12.526666666666666
2015-03-24 10:09:00,17.38,-12.504999999999999
2015-03-24 10:10:00,17.87,-12.483333333333333
2015-03-24 10:11:00,17.87,-12.461666666666666
2015-03-24 10:12:00,17.87,-12.44
2015-03-24 10:13:00,17.87,-12.418333333333333
2015-03-24 10:14:00,17.87,-12.396666666666667
2015-03-24 10:15:00,17.87,-12.375
2015-03-24 10:16:00,18.36,-12.353333333333333
2015-03-24 10:17:00,17.87,-12.331666666666667
2015-03-24 10:18:00,18.36,-12.309999999999999
2015-03-24 10:19:00,18.36,-12.288333333333332
2015-03-24 10:20:00,17.87,-12.266666666666666
2015-03-24 10:21:00,18.36,-12.245
2015-03-24 10:22:00,18.36,-12.223333333333333
2015-03-24 10:23:00,18.36,-12.201666666666666
2015-03-24 10:24:00,18.36,-12.18
2015-03-24 10:25:00,18.36,-12.158333333333333
2015-03-24 10:26:00,17.87,-12.136666666666667
2015-03-24 10:27:00,17.87,-12.115
2015-03-24 10:28:00,17.87,-12.093333333333334
2015-03-24 10:29:00,17.87,-12.071666666666667
2015-03-24 10:30:00,17.38,-12.05
2015-03-24 10:31:00,17.38,-12.028333333333332
2015-03-24 10:32:00,17.38,-12.006666666666666
2015-03-24 10:33:00,17.38,-11.985
2015-03-24 10:34:00,17.38,-11.963333333333333
2015-03-24 10:35:00,17.87,-11.941666666666666
2015-03-24 10:36:00,17.38,-11.92
2015-03-24 10:37:00,17.87,-11.898333333333333
2015-03-24 10:38:00,17.87,-11.876666666666667
2015-03-24 10:39:00,17.87,-11.855
2015-03-24 10:40:00,18.36,-11.833333333333334
2015-03-24 10:41:00,17.87,-11.811666666666667
2015-03-24 10:42:00,18.36,-11.79
2015-03-24 10:43:00,17.87,-11.768333333333333
2015-03-24 10:44:00,18.36,-11.746666666666666
2015-03-24 10:45:00,17.87,-11.725
2015-03-24 10:46:00,17.87,-11.703333333333333
2015-03-24 10:47:00,18.36,-11.681666666666667
2015-03-24 10:48:00,18.36,-11.66
2015-03-24 10:49:00,18.36,-11.638333333333334
2015-03-24 10:50:00,18.36,-11.616666666666667
2015-03-24 10:51:00,18.36,-11.595
2015-03-24 10:52:00,18.36,-11.573333333333334
2015-03-24 10:53:00,18.36,-11.551666666666666
2015-03-24 10:54:00,17.87,-11.530000000000001
2015-03-24 10:55:00,18.36,-11.508333333333333
2015-03-24 10:56:00,18.36,-11.486666666666666
2015-03-24 10:57:00,18.36,-11.465
2015-03-24 10:58:00,17.87,-11.443333333333333
2015-03-24 10:59:00,17.87,-11.421666666666667
2015-03-24 11:00:00,17.87,-11.4
2015-03-24 11:00:00,17.87,-11.4
2015-03-24 11:01:00,17.87,-11.401666666666667
2015-03-24 11:02:00,17.87,-11.403333333333334
2015-03-24 11:03:00,17.87,-11.405000000000001
2015-03-24 11:04:00,17.87,-11.406666666666666
2015-03-24 11:05:00,17.87,-11.408333333333333
2015-03-24 11:06:00,17.38,-11.41
2015-03-24 11:07:00,17.38,-11.411666666666667
2015-03-24 11:08:00,17.38,-11.413333333333334
2015-03-24 11:09:00,17.87,-11.415000000000001
2015-03-24 11:10:00,17.87,-11.416666666666668
2015-03-24 11:11:00,17.38,-11.418333333333333
2015-03-24 11:12:00,17.38,-11.42
2015-03-24 11:13:00,17.87,-11.421666666666667
2015-03-24 11:14:00,17.87,-11.423333333333334
2015-03-24 11:15:00,17.87,-11.425
2015-03-24 11:16:00,17.87,-11.426666666666668
2015-03-24 11:17:00,17.87,-11.428333333333333
2015-03-24 11:18:00,17.87,-11.43
2015-03-24 11:19:00,17.87,-11.431666666666667
2015-03-24 11:20:00,17.87,-11.433333333333334
2015-03-24 11:21:00,18.36,-11.435
2015-03-24 11:22:00,17.87,-11.436666666666667
2015-03-24 11:23:00,17.87,-11.438333333333334
2015-03-24 11:24:00,17.38,-11.44
2015-03-24 11:25:00,17.38,-11.441666666666666
2015-03-24 11:26:00,17.38,-11.443333333333333
2015-03-24 11:27:00,17.38,-11.445
2015-03-24 11:28:00,17.38,-11.446666666666667
2015-03-24 11:29:00,17.38,-11.448333333333334
2015-03-24 11:30:00,17.38,-11.45
2015-03-24 11:31:00,17.38,-11.451666666666666
2015-03-24 11:32:00,17.38,-11.453333333333333
2015-03-24 11:33:00,17.38,-11.455
2015-03-24 11:34:00,17.38,-11.456666666666667
2015-03-24 11:35:00,17.38,-11.458333333333334
2015-03-24 11:36:00,17.38,-11.46
2015-03-24 11:37:00,17.87,-11.461666666666666
2015-03-24 11:38:00,17.87,-11.463333333333333
2015-03-24 11:39:00,17.38,-11.465
2015-03-24 11:40:00,17.87,-11.466666666666667
2015-03-24 11:41:00,17.87,-11.468333333333334
2015-03-24 11:42:00,17.87,-11.47
2015-03-24 11:43:00,17.87,-11.471666666666668
2015-03-24 11:44:00,17.38,-11.473333333333333
2015-03-24 11:45:00,17.38,-11.475
2015-03-24 11:46:00,17.38,-11.476666666666667
2015-03-24 11:47:00,16.89,-11.478333333333333
2015-03-24 11:48:00,17.38,-11.48
2015-03-24 11:49:00,17.87,-11.481666666666667
2015-03-24 11:50:00,16.89,-11.483333333333334
2015-03-24 11:51:00,17.38,-11.485
2015-03-24 11:52:00,17.38,-11.486666666666666
2015-03-24 11:53:00,17.38,-11.488333333333333
2015-03-24 11:54:00,17.38,-11.49
2015-03-24 11:55:00,17.38,-11.491666666666667
2015-03-24 11:56:00,17.87,-11.493333333333334
2015-03-24 11:57:00,17.38,-11.495
2015-03-24 11:58:00,17.38,-11.496666666666666
2015-03-24 11:59:00,17.87,-11.498333333333333
2015-03-24 12:00:00,17.87,-11.5
2015-03-24 12:01:00,17.87,-11.465
2015-03-24 12:02:00,17.38,-11.43
2015-03-24 12:03:00,17.87,-11.395
2015-03-24 12:04:00,17.38,-11.36
2015-03-24 12:05:00,17.38,-11.325
2015-03-24 12:06:00,17.38,-11.29
2015-03-24 12:07:00,17.38,-11.255
2015-03-24 12:08:00,17.38,-11.22
2015-03-24 12:09:00,17.38,-11.185
2015-03-24 12:10:00,17.38,-11.15
2015-03-24 12:11:00,17.38,-11.115
2015-03-24 12:12:00,17.38,-11.08
2015-03-24 12:13:00,17.38,-11.045
2015-03-24 12:14:00,16.41,-11.01
2015-03-24 12:15:00,16.89,-10.975
2015-03-24 12:16:00,16.89,-10.94
2015-03-24 12:17:00,16.89,-10.905
2015-03-24 12:18:00,17.38,-10.870000000000001
2015-03-24 12:19:00,16.89,-10.835
2015-03-24 12:20:00,17.38,-10.8
2015-03-24 12:21:00,16.89,-10.765
2015-03-24 12:22:00,17.87,-10.73
2015-03-24 12:23:00,16.89,-10.695
2015-03-24 12:24:00,17.38,-10.66
2015-03-24 12:25:00,16.89,-10.625
2015-03-24 12:26:00,17.38,-10.59
2015-03-24 12:27:00,17.38,-10.555
2015-03-24 12:28:00,17.87,-10.52
2015-03-24 12:29:00,17.38,-10.485
2015-03-24 12:30:00,17.87,-10.45
2015-03-24 12:31:00,17.87,-10.415
2015-03-24 12:32:00,16.89,-10.38
2015-03-24 12:33:00,16.89,-10.345
2015-03-24 12:34:00,17.38,-10.31
2015-03-24 12:35:00,16.89,-10.275
2015-03-24 12:36:00,17.38,-10.24
2015-03-24 12:37:00,17.38,-10.205
2015-03-24 12:38:00,16.89,-10.17
2015-03-24 12:39:00,16.41,-10.135
2015-03-24 12:40:00,16.89,-10.1
2015-03-24 12:41:00,16.89,-10.065
2015-03-24 12:42:00,16.89,-10.030000000000001
2015-03-24 12:43:00,16.89,-9.995000000000001
2015-03-24 12:44:00,16.41,-9.96
2015-03-24 12:45:00,17.38,-9.925
2015-03-24 12:46:00,16.41,-9.89
2015-03-24 12:47:00,16.89,-9.855
2015-03-24 12:48:00,17.38,-9.82
2015-03-24 12:49:00,16.89,-9.785
2015-03-24 12:50:00,17.38,-9.75
2015-03-24 12:51:00,17.38,-9.715
2015-03-24 12:52:00,17.38,-9.68
2015-03-24 12:53:00,17.38,-9.645
2015-03-24 12:54:00,16.89,-9.61
2015-03-24 12:55:00,16.89,-9.575
2015-03-24 12:56:00,17.38,-9.540000000000001
2015-03-24 12:57:00,16.41,-9.505
2015-03-24 12:58:00,17.38,-9.47
2015-03-24 12:59:00,16.41,-9.435
2015-03-24 13:00:00,16.41,-9.4
2015-03-24 13:01:00,16.89,-9.365
2015-03-24 13:02:00,16.89,-9.33
2015-03-24 13:03:00,16.89,-9.295
2015-03-24 13:04:00,17.38,-9.26
2015-03-24 13:05:00,16.89,-9.225
2015-03-24 13:06:00,16.89,-9.19
2015-03-24 13:07:00,16.89,-9.155000000000001
2015-03-24 13:08:00,16.89,-9.120000000000001
2015-03-24 13:09:00,16.89,-9.085
2015-03-24 13:10:00,16.89,-9.05
2015-03-24 13:11:00,16.89,-9.015
2015-03-24 13:12:00,16.89,-8.98
2015-03-24 13:13:00,17.87,-8.945
2015-03-24 13:14:00,16.89,-8.91
2015-03-24 13:15:00,17.87,-8.875
2015-03-24 13:16:00,16.89,-8.84
2015-03-24 13:17:00,17.38,-8.805
2015-03-24 13:18:00,16.89,-8.77
2015-03-24 13:19:00,16.89,-8.735
2015-03-24 13:20:00,16.41,-8.7
2015-03-24 13:21:00,17.38,-8.665000000000001
2015-03-24 13:22:00,16.89,-8.63
2015-03-24 13:23:00,16.89,-8.595
2015-03-24 13:24:00,16.41,-8.56
2015-03-24 13:25:00,16.89,-8.525
2015-03-24 13:26:00,16.89,-8.49
2015-03-24 13:27:00,16.41,-8.455
2015-03-24 13:28:00,16.41,-8.42
2015-03-24 13:29:00,17.38,-8.385
2015-03-24 13:30:00,16.41,-8.35
2015-03-24 13:31:00,17.38,-8.315
2015-03-24 13:32:00,16.89,-8.28
2015-03-24 13:33:00,16.89,-8.245000000000001
2015-03-24 13:34:00,15.92,-8.21
2015-03-24 13:35:00,16.89,-8.175
2015-03-24 13:36:00,17.38,-8.14
2015-03-24 13:37:00,16.89,-8.105
2015-03-24 13:38:00,17.38,-8.07
2015-03-24 13:39:00,17.38,-8.035
2015-03-24 13:40:00,17.38,-8.0
2015-03-24 13:41:00,17.38,-7.965
2015-03-24 13:42:00,17.38,-7.93
2015-03-24 13:43:00,16.89,-7.895
2015-03-24 13:44:00,16.89,-7.859999999999999
2015-03-24 13:45:00,16.89,-7.825
2015-03-24 13:46:00,16.41,-7.79
2015-03-24 13:47:00,17.38,-7.755
2015-03-24 13:48:00,16.41,-7.72
2015-03-24 13:49:00,16.41,-7.685
2015-03-24 13:50:00,16.89,-7.65
2015-03-24 13:51:00,16.89,-7.615
2015-03-24 13:52:00,15.92,-7.58
2015-03-24 13:53:00,16.89,-7.545
2015-03-24 13:54:00,16.41,-7.51
2015-03-24 13:55:00,15.92,-7.475
2015-03-24 13:56:00,16.41,-7.4399999999999995
2015-03-24 13:57:00,16.89,-7.404999999999999
2015-03-24 13:58:00,16.41,-7.369999999999999
2015-03-24 13:59:00,15.92,-7.335
2015-03-24 14:00:00,16.89,-7.3
2015-03-24 14:01:00,16.89,-7.263333333333333
2015-03-24 14:02:00,16.89,-7.226666666666667
2015-03-24 14:03:00,16.41,-7.1899999999999995
2015-03-24 14:04:00,16.41,-7.153333333333333
2015-03-24 14:05:00,17.38,-7.116666666666666
2015-03-24 14:06:00,16.89,-7.08
2015-03-24 14:07:00,16.41,-7.043333333333333
2015-03-24 14:08:00,16.89,-7.006666666666667
2015-03-24 14:09:00,15.92,-6.97
2015-03-24 14:10:00,16.41,-6.933333333333334
2015-03-24 14:11:00,16.89,-6.8966666666666665
2015-03-24 14:12:00,16.41,-6.859999999999999
2015-03-24 14:13:00,16.89,-6.823333333333333
2015-03-24 14:14:00,16.89,-6.786666666666666
2015-03-24 14:15:00,16.89,-6.75
2015-03-24 14:16:00,16.89,-6.713333333333333
2015-03-24 14:17:00,16.41,-6.676666666666667
2015-03-24 14:18:00,16.41,-6.64
2015-03-24 14:19:00,15.92,-6.6033333333333335
2015-03-24 14:20:00,16.41,-6.566666666666666
2015-03-24 14:21:00,16.41,-6.529999999999999
2015-03-24 14:22:00,15.92,-6.493333333333333
2015-03-24 14:23:00,16.41,-6.456666666666666
2015-03-24 14:24:00,16.41,-6.42
2015-03-24 14:25:00,15.92,-6.383333333333333
2015-03-24 14:26:00,16.41,-6.346666666666667
2015-03-24 14:27:00,16.41,-6.31
2015-03-24 14:28:00,16.41,-6.273333333333333
2015-03-24 14:29:00,15.43,-6.236666666666666
2015-03-24 14:30:00,16.41,-6.199999999999999
2015-03-24 14:31:00,16.89,-6.163333333333333
2015-03-24 14:32:00,16.89,-6.126666666666667
2015-03-24 14:33:00,16.41,-6.09
2015-03-24 14:34:00,15.92,-6.053333333333333
2015-03-24 14:35:00,16.89,-6.016666666666667
2015-03-24 14:36:00,15.92,-5.9799999999999995
2015-03-24 14:37:00,16.41,-5.943333333333333
2015-03-24 14:38:00,15.92,-5.906666666666666
2015-03-24 14:39:00,15.92,-5.87
2015-03-24 14:40:00,16.41,-5.833333333333333
2015-03-24 14:41:00,16.41,-5.796666666666667
2015-03-24 14:42:00,16.41,-5.76
2015-03-24 14:43:00,16.41,-5.723333333333333
2015-03-24 14:44:00,15.43,-5.6866666666666665
2015-03-24 14:45:00,16.89,-5.65
2015-03-24 14:46:00,16.41,-5.613333333333333
2015-03-24 14:47:00,15.43,-5.576666666666666
2015-03-24 14:48:00,16.41,-5.54
2015-03-24 14:49:00,15.92,-5.503333333333333
2015-03-24 14:50:00,15.92,-5.466666666666667
2015-03-24 14:51:00,16.41,-5.43
2015-03-24 14:52:00,16.41,-5.393333333333333
2015-03-24 14:53:00,15.92,-5.3566666666666665
2015-03-24 14:54:00,15.43,-5.32
2015-03-24 14:55:00,16.41,-5.283333333333333
2015-03-24 14:56:00,16.89,-5.246666666666666
2015-03-24 14:57:00,16.41,-5.21
2015-03-24 14:58:00,16.89,-5.173333333333334
2015-03-24 14:59:00,15.92,-5.136666666666667
2015-03-24 15:00:00,16.89,-5.1
2015-03-24 15:01:00,17.38,-5.074999999999999
2015-03-24 15:02:00,16.89,-5.05
2015-03-24 15:03:00,16.89,-5.0249999999999995
2015-03-24 15:04:00,15.92,-5.0
2015-03-24 15:05:00,16.89,-4.975
2015-03-24 15:06:00,15.92,-4.949999999999999
2015-03-24 15:07:00,16.89,-4.925
2015-03-24 15:08:00,16.89,-4.8999999999999995
2015-03-24 15:09:00,15.92,-4.875
2015-03-24 15:10:00,15.92,-4.85
2015-03-24 15:11:00,16.41,-4.824999999999999
2015-03-24 15:12:00,16.41,-4.8
2015-03-24 15:13:00,16.41,-4.7749999999999995
2015-03-24 15:14:00,15.43,-4.75
2015-03-24 15:15:00,15.92,-4.725
2015-03-24 15:16:00,16.41,-4.7
2015-03-24 15:17:00,15.92,-4.675
2015-03-24 15:18:00,15.92,-4.6499999999999995
2015-03-24 15:19:00,16.41,-4.625
2015-03-24 15:20:00,15.43,-4.6
2015-03-24 15:21:00,16.41,-4.575
2015-03-24 15:22:00,16.41,-4.55
2015-03-24 15:23:00,15.92,-4.5249999999999995
2015-03-24 15:24:00,14.94,-4.5
2015-03-24 15:25:00,16.41,-4.475
2015-03-24 15:26:00,16.89,-4.45
2015-03-24 15:27:00,16.89,-4.425
2015-03-24 15:28:00,16.41,-4.4
2015-03-24 15:29:00,16.41,-4.375
2015-03-24 15:30:00,16.89,-4.35
2015-03-24 15:31:00,16.41,-4.325
2015-03-24 15:32:00,16.89,-4.3
2015-03-24 15:33:00,16.89,-4.275
2015-03-24 15:34:00,16.41,-4.25
2015-03-24 15:35:00,16.89,-4.225
2015-03-24 15:36:00,16.41,-4.2
2015-03-24 15:37:00,15.92,-4.175
2015-03-24 15:38:00,16.41,-4.15
2015-03-24 15:39:00,15.43,-4.125
2015-03-24 15:40:00,16.41,-4.1
2015-03-24 15:41:00,16.41,-4.075
2015-03-24 15:42:00,15.92,-4.05
2015-03-24 15:43:00,16.41,-4.025
2015-03-24 15:44:00,15.92,-4.0
2015-03-24 15:45:00,15.92,-3.975
2015-03-24 15:46:00,15.92,-3.95
2015-03-24 15:47:00,16.41,-3.925
2015-03-24 15:48:00,16.41,-3.9000000000000004
2015-03-24 15:49:00,14.94,-3.875
2015-03-24 15:50:00,15.92,-3.85
2015-03-24 15:51:00,16.41,-3.825
2015-03-24 15:52:00,15.92,-3.8
2015-03-24 15:53:00,16.41,-3.7750000000000004
2015-03-24 15:54:00,15.92,-3.75
2015-03-24 15:55:00,16.89,-3.725
2015-03-24 15:56:00,16.89,-3.7
2015-03-24 15:57:00,16.41,-3.6750000000000003
2015-03-24 15:58:00,16.89,-3.6500000000000004
2015-03-24 15:59:00,16.41,-3.625
2015-03-24 16:00:00,16.89,-3.6
2015-03-24 16:01:00,16.89,-3.586666666666667
2015-03-24 16:02:00,16.89,-3.5733333333333333
2015-03-24 16:03:00,16.41,-3.56
2015-03-24 16:04:00,15.92,-3.546666666666667
2015-03-24 16:05:00,15.92,-3.533333333333333
2015-03-24 16:06:00,16.41,-3.52
2015-03-24 16:07:00,16.41,-3.506666666666667
2015-03-24 16:08:00,16.41,-3.493333333333333
2015-03-24 16:09:00,15.43,-3.48
2015-03-24 16:10:00,16.41,-3.466666666666667
2015-03-24 16:11:00,16.41,-3.453333333333333
2015-03-24 16:12:00,15.92,-3.44
2015-03-24 16:13:00,16.41,-3.4266666666666667
2015-03-24 16:14:00,15.43,-3.4133333333333336
2015-03-24 16:15:00,15.92,-3.4
2015-03-24 16:16:00,16.41,-3.3866666666666667
2015-03-24 16:17:00,15.92,-3.3733333333333335
2015-03-24 16:18:00,16.41,-3.36
2015-03-24 16:19:00,15.92,-3.3466666666666667
2015-03-24 16:20:00,16.41,-3.3333333333333335
2015-03-24 16:21:00,16.89,-3.32
2015-03-24 16:22:00,16.41,-3.3066666666666666
2015-03-24 16:23:00,16.41,-3.2933333333333334
2015-03-24 16:24:00,16.41,-3.28
2015-03-24 16:25:00,16.41,-3.2666666666666666
2015-03-24 16:26:00,16.89,-3.2533333333333334
2015-03-24 16:27:00,16.41,-3.24
2015-03-24 16:28:00,16.89,-3.2266666666666666
2015-03-24 16:29:00,15.92,-3.2133333333333334
2015-03-24 16:30:00,15.92,-3.2
2015-03-24 16:31:00,15.92,-3.1866666666666665
2015-03-24 16:32:00,16.41,-3.1733333333333333
2015-03-24 16:33:00,16.41,-3.16
2015-03-24 16:34:00,15.43,-3.1466666666666665
2015-03-24 16:35:00,16.41,-3.1333333333333333
2015-03-24 16:36:00,16.41,-3.12
2015-03-24 16:37:00,16.89,-3.1066666666666665
2015-03-24 16:38:00,16.41,-3.0933333333333333
2015-03-24 16:39:00,15.92,-3.08
2015-03-24 16:40:00,16.41,-3.0666666666666664
2015-03-24 16:41:00,15.92,-3.0533333333333332
2015-03-24 16:42:00,16.41,-3.04
2015-03-24 16:43:00,16.41,-3.0266666666666664
2015-03-24 16:44:00,15.92,-3.013333333333333
2015-03-24 16:45:00,15.92,-3.0
2015-03-24 16:46:00,15.92,-2.9866666666666664
2015-03-24 16:47:00,16.41,-2.973333333333333
2015-03-24 16:48:00,16.41,-2.96
2015-03-24 16:49:00,15.92,-2.9466666666666663
2015-03-24 16:50:00,15.43,-2.933333333333333
2015-03-24 16:51:00,16.41,-2.92
2015-03-24 16:52:00,16.41,-2.9066666666666663
2015-03-24 16:53:00,15.43,-2.893333333333333
2015-03-24 16:54:00,16.41,-2.88
2015-03-24 16:55:00,16.41,-2.8666666666666663
2015-03-24 16:56:00,16.41,-2.853333333333333
2015-03-24 16:57:00,16.89,-2.84
2015-03-24 16:58:00,16.41,-2.8266666666666667
2015-03-24 16:59:00,16.41,-2.813333333333333
2015-03-24 17:00:00,16.89,-2.8
2015-03-24 17:01:00,16.89,-2.7783333333333333
2015-03-24 17:02:00,15.92,-2.7566666666666664
2015-03-24 17:03:00,16.41,-2.735
2015-03-24 17:04:00,16.89,-2.7133333333333334
2015-03-24 17:05:00,15.92,-2.6916666666666664
2015-03-24 17:06:00,16.41,-2.67
2015-03-24 17:07:00,15.92,-2.648333333333333
2015-03-24 17:08:00,15.92,-2.6266666666666665
2015-03-24 17:09:00,16.41,-2.605
2015-03-24 17:10:00,15.43,-2.583333333333333
2015-03-24 17:11:00,16.41,-2.5616666666666665
2015-03-24 17:12:00,16.41,-2.54
2015-03-24 17:13:00,15.92,-2.518333333333333
2015-03-24 17:14:00,15.43,-2.4966666666666666
2015-03-24 17:15:00,15.92,-2.4749999999999996
2015-03-24 17:16:00,16.41,-2.453333333333333
2015-03-24 17:17:00,16.41,-2.4316666666666666
2015-03-24 17:18:00,15.92,-2.4099999999999997
2015-03-24 17:19:00,15.43,-2.388333333333333
2015-03-24 17:20:00,16.41,-2.3666666666666667
2015-03-24 17:21:00,15.92,-2.3449999999999998
2015-03-24 17:22:00,15.92,-2.3233333333333333
2015-03-24 17:23:00,16.41,-2.3016666666666667
2015-03-24 17:24:00,15.43,-2.28
2015-03-24 17:25:00,16.41,-2.2583333333333333
2015-03-24 17:26:00,15.92,-2.2366666666666664
2015-03-24 17:27:00,15.92,-2.215
2015-03-24 17:28:00,15.92,-2.1933333333333334
2015-03-24 17:29:00,15.43,-2.1716666666666664
2015-03-24 17:30:00,16.41,-2.15
2015-03-24 17:31:00,16.41,-2.128333333333333
2015-03-24 17:32:00,15.43,-2.1066666666666665
2015-03-24 17:33:00,16.41,-2.085
2015-03-24 17:34:00,15.92,-2.0633333333333335
2015-03-24 17:35:00,15.92,-2.0416666666666665
2015-03-24 17:36:00,16.41,-2.02
2015-03-24 17:37:00,16.89,-1.9983333333333333
2015-03-24 17:38:00,16.41,-1.9766666666666666
2015-03-24 17:39:00,15.92,-1.955
2015-03-24 17:40:00,16.41,-1.9333333333333331
2015-03-24 17:41:00,16.89,-1.9116666666666666
2015-03-24 17:42:00,15.92,-1.89
2015-03-24 17:43:00,16.41,-1.8683333333333332
2015-03-24 17:44:00,15.92,-1.8466666666666667
2015-03-24 17:45:00,16.41,-1.825
2015-03-24 17:46:00,16.41,-1.8033333333333332
2015-03-24 17:47:00,15.92,-1.7816666666666665
2015-03-24 17:48:00,16.41,-1.76
2015-03-24 17:49:00,15.43,-1.7383333333333333
2015-03-24 17:50:00,16.89,-1.7166666666666666
2015-03-24 17:51:00,16.41,-1.695
2015-03-24 17:52:00,16.41,-1.6733333333333333
2015-03-24 17:53:00,16.41,-1.6516666666666666
2015-03-24 17:54:00,15.43,-1.63
2015-03-24 17:55:00,16.41,-1.6083333333333334
2015-03-24 17:56:00,15.92,-1.5866666666666667
2015-03-24 17:57:00,16.41,-1.565
2015-03-24 17:58:00,16.41,-1.5433333333333332
2015-03-24 17:59:00,15.92,-1.5216666666666667
2015-03-24 18:00:00,16.41,-1.5
2015-03-24 18:01:00,15.92,-1.49
2015-03-24 18:02:00,15.43,-1.48
2015-03-24 18:03:00,15.92,-1.47
2015-03-24 18:04:00,16.41,-1.46
2015-03-24 18:05:00,16.41,-1.45
2015-03-24 18:06:00,16.41,-1.44
2015-03-24 18:07:00,16.41,-1.43
2015-03-24 18:08:00,16.41,-1.42
2015-03-24 18:09:00,15.92,-1.41
2015-03-24 18:10:00,16.89,-1.4
2015-03-24 18:11:00,16.89,-1.39
2015-03-24 18:12:00,16.41,-1.38
2015-03-24 18:13:00,16.41,-1.37
2015-03-24 18:14:00,16.41,-1.3599999999999999
2015-03-24 18:15:00,16.41,-1.35
2015-03-24 18:16:00,16.41,-1.34
2015-03-24 18:17:00,16.41,-1.33
2015-03-24 18:18:00,15.92,-1.32
2015-03-24 18:19:00,16.41,-1.31
2015-03-24 18:20:00,16.41,-1.3
2015-03-24 18:21:00,15.92,-1.29
2015-03-24 18:22:00,15.43,-1.28
2015-03-24 18:23:00,16.41,-1.27
2015-03-24 18:24:00,15.43,-1.26
2015-03-24 18:25:00,15.92,-1.25
2015-03-24 18:26:00,15.92,-1.24
2015-03-24 18:27:00,15.92,-1.23
2015-03-24 18:28:00,14.94,-1.22
2015-03-24 18:29:00,15.43,-1.21
2015-03-24 18:30:00,15.92,-1.2
2015-03-24 18:31:00,15.43,-1.19
2015-03-24 18:32:00,15.92,-1.18
2015-03-24 18:33:00,15.92,-1.17
2015-03-24 18:34:00,16.41,-1.16
2015-03-24 18:35:00,16.41,-1.15
2015-03-24 18:36:00,16.41,-1.1400000000000001
2015-03-24 18:37:00,15.92,-1.13
2015-03-24 18:38:00,15.43,-1.12
2015-03-24 18:39:00,15.43,-1.1099999999999999
2015-03-24 18:40:00,16.41,-1.1
2015-03-24 18:41:00,16.41,-1.0899999999999999
2015-03-24 18:42:00,16.41,-1.08
2015-03-24 18:43:00,16.89,-1.07
2015-03-24 18:44:00,15.92,-1.06
2015-03-24 18:45:00,16.89,-1.05
2015-03-24 18:46:00,16.89,-1.04
2015-03-24 18:47:00,16.89,-1.03
2015-03-24 18:48:00,16.41,-1.02
2015-03-24 18:49:00,15.43,-1.01
2015-03-24 18:50:00,16.89,-1.0
2015-03-24 18:51:00,16.41,-0.99
2015-03-24 18:52:00,16.41,-0.98
2015-03-24 18:53:00,16.41,-0.97
2015-03-24 18:54:00,15.43,-0.96
2015-03-24 18:55:00,16.41,-0.95
2015-03-24 18:56:00,15.92,-0.94
2015-03-24 18:57:00,15.43,-0.9299999999999999
2015-03-24 18:58:00,15.92,-0.92
2015-03-24 18:59:00,16.89,-0.91
2015-03-24 19:00:00,16.41,-0.9
2015-03-24 19:01:00,15.43,-0.8883333333333333
2015-03-24 19:02:00,16.41,-0.8766666666666667
2015-03-24 19:03:00,15.92,-0.865
2015-03-24 19:04:00,14.94,-0.8533333333333334
2015-03-24 19:05:00,16.41,-0.8416666666666667
2015-03-24 19:06:00,16.41,-0.8300000000000001
2015-03-24 19:07:00,16.41,-0.8183333333333334
2015-03-24 19:08:00,15.92,-0.8066666666666666
2015-03-24 19:09:00,15.43,-0.795
2015-03-24 19:10:00,16.41,-0.7833333333333333
2015-03-24 19:11:00,15.92,-0.7716666666666667
2015-03-24 19:12:00,16.41,-0.76
2015-03-24 19:13:00,16.89,-0.7483333333333334
2015-03-24 19:14:00,16.41,-0.7366666666666667
2015-03-24 19:15:00,16.89,-0.7250000000000001
2015-03-24 19:16:00,16.89,-0.7133333333333334
2015-03-24 19:17:00,16.41,-0.7016666666666667
2015-03-24 19:18:00,16.41,-0.6900000000000001
2015-03-24 19:19:00,15.43,-0.6783333333333333
2015-03-24 19:20:00,16.89,-0.6666666666666667
2015-03-24 19:21:00,16.89,-0.655
2015-03-24 19:22:00,15.43,-0.6433333333333333
2015-03-24 19:23:00,16.41,-0.6316666666666667
2015-03-24 19:24:00,15.92,-0.6200000000000001
2015-03-24 19:25:00,15.92,-0.6083333333333334
2015-03-24 19:26:00,15.92,-0.5966666666666667
2015-03-24 19:27:00,16.41,-0.5850000000000001
2015-03-24 19:28:00,16.41,-0.5733333333333334
2015-03-24 19:29:00,15.43,-0.5616666666666668
2015-03-24 19:30:00,15.92,-0.55
2015-03-24 19:31:00,15.92,-0.5383333333333333
2015-03-24 19:32:00,15.92,-0.5266666666666667
2015-03-24 19:33:00,15.92,-0.5150000000000001
2015-03-24 19:34:00,15.92,-0.5033333333333334
2015-03-24 19:35:00,15.92,-0.49166666666666675
2015-03-24 19:36:00,15.92,-0.4800000000000001
2015-03-24 19:37:00,15.92,-0.4683333333333334
2015-03-24 19:38:00,15.43,-0.4566666666666667
2015-03-24 19:39:00,16.41,-0.44500000000000006
2015-03-24 19:40:00,16.41,-0.4333333333333334
2015-03-24 19:41:00,15.92,-0.42166666666666675
2015-03-24 19:42:00,16.89,-0.4100000000000001
2015-03-24 19:43:00,16.41,-0.39833333333333343
2015-03-24 19:44:00,15.92,-0.3866666666666667
2015-03-24 19:45:00,16.89,-0.3750000000000001
2015-03-24 19:46:00,16.89,-0.3633333333333334
2015-03-24 19:47:00,16.89,-0.3516666666666668
2015-03-24 19:48:00,16.89,-0.3400000000000001
2015-03-24 19:49:00,15.92,-0.32833333333333337
2015-03-24 19:50:00,16.41,-0.31666666666666676
2015-03-24 19:51:00,15.92,-0.30500000000000005
2015-03-24 19:52:00,15.92,-0.29333333333333345
2015-03-24 19:53:00,15.92,-0.28166666666666673
2015-03-24 19:54:00,15.43,-0.27000000000000013
2015-03-24 19:55:00,16.41,-0.2583333333333334
2015-03-24 19:56:00,16.41,-0.2466666666666667
2015-03-24 19:57:00,16.41,-0.2350000000000001
2015-03-24 19:58:00,16.41,-0.22333333333333338
2015-03-24 19:59:00,16.41,-0.21166666666666678
2015-03-24 20:00:00,16.41,-0.2
2015-03-24 20:01:00,16.41,-0.18833333333333335
2015-03-24 20:02:00,16.41,-0.1766666666666667
2015-03-24 20:03:00,15.43,-0.165
2015-03-24 20:04:00,15.92,-0.15333333333333335
2015-03-24 20:05:00,15.92,-0.1416666666666667
2015-03-24 20:06:00,15.92,-0.13
2015-03-24 20:07:00,15.92,-0.11833333333333335
2015-03-24 20:08:00,16.41,-0.10666666666666669
2015-03-24 20:09:00,15.92,-0.09500000000000003
2015-03-24 20:10:00,16.41,-0.08333333333333336
2015-03-24 20:11:00,16.41,-0.07166666666666668
2015-03-24 20:12:00,16.89,-0.060000000000000026
2015-03-24 20:13:00,17.38,-0.04833333333333337
2015-03-24 20:14:00,15.43,-0.03666666666666668
2015-03-24 20:15:00,16.41,-0.025000000000000022
2015-03-24 20:16:00,16.89,-0.013333333333333364
2015-03-24 20:17:00,16.41,-0.0016666666666667052
2015-03-24 20:18:00,16.89,0.009999999999999953
2015-03-24 20:19:00,15.92,0.02166666666666664
2015-03-24 20:20:00,16.41,0.0333333333333333
2015-03-24 20:21:00,15.92,0.04499999999999996
2015-03-24 20:22:00,16.41,0.05666666666666664
2015-03-24 20:23:00,16.41,0.0683333333333333
2015-03-24 20:24:00,15.92,0.07999999999999996
2015-03-24 20:25:00,15.92,0.09166666666666662
2015-03-24 20:26:00,15.92,0.10333333333333328
2015-03-24 20:27:00,16.41,0.11499999999999994
2015-03-24 20:28:00,16.41,0.12666666666666665
2015-03-24 20:29:00,15.92,0.1383333333333333
2015-03-24 20:30:00,14.94,0.14999999999999997
2015-03-24 20:31:00,16.41,0.16166666666666663
2015-03-24 20:32:00,15.92,0.17333333333333328
2015-03-24 20:33:00,15.92,0.18499999999999994
2015-03-24 20:34:00,16.89,0.1966666666666666
2015-03-24 20:35:00,15.92,0.20833333333333326
2015-03-24 20:36:00,15.92,0.21999999999999992
2015-03-24 20:37:00,16.89,0.23166666666666663
2015-03-24 20:38:00,16.41,0.2433333333333333
2015-03-24 20:39:00,15.92,0.25499999999999995
2015-03-24 20:40:00,16.89,0.2666666666666666
2015-03-24 20:41:00,16.89,0.27833333333333327
2015-03-24 20:42:00,17.38,0.2899999999999999
2015-03-24 20:43:00,16.89,0.3016666666666666
2015-03-24 20:44:00,15.92,0.3133333333333333
2015-03-24 20:45:00,16.89,0.3249999999999999
2015-03-24 20:46:00,16.41,0.3366666666666666
2015-03-24 20:47:00,15.92,0.3483333333333332
2015-03-24 20:48:00,16.41,0.35999999999999993
2015-03-24 20:49:00,16.89,0.37166666666666665
2015-03-24 20:50:00,16.41,0.38333333333333325
2015-03-24 20:51:00,16.89,0.39499999999999996
2015-03-24 20:52:00,16.41,0.40666666666666657
2015-03-24 20:53:00,16.41,0.4183333333333333
2015-03-24 20:54:00,15.92,0.4299999999999999
2015-03-24 20:55:00,15.43,0.4416666666666666
2015-03-24 20:56:00,16.41,0.4533333333333333
2015-03-24 20:57:00,16.41,0.4649999999999999
2015-03-24 20:58:00,15.92,0.4766666666666666
2015-03-24 20:59:00,15.92,0.48833333333333323
2015-03-24 21:00:00,15.92,0.5
